<?xml version="1.0" encoding="UTF-8" standalone="yes"?>
<manifest>
  <control namespace="SampleNamespace" constructor="LinearInputControl" version="0.0.1" display-name-key="LinearInputControl" description-key="LinearInputControl description" control-type="standard" api-version="1.3.16">
    <type-group name="numbers">
      <type>Whole.None</type>
      <type>Currency</type>
      <type>FP</type>
      <type>Decimal</type>
    </type-group>
    <property name="controlValue" display-name-key="Control Value" description-key="Control value description." of-type-group="numbers" usage="bound" required="true"/>
    <resources>
      <code path="bundle.js" order="1"/>
      <css path="css/LinearInputControl.css" order="1"/>
    </resources>
    <feature-usage/>
    <built-by name="pac" version="1.41.1"/>
  </control>
</manifest>